diskSizeGb,2,4,8,32,60
750,,,,,116.9736969721
100,,,,0.27732182,
75,,,,6.7210391142,
50,,,,40.1223450948,
30,,0.9629245943,,,
20,0.086280883,,58.4000486548,,
